case_id,jurisdiction,officer_id,reporting_district,chp_shift,population,county_city_location,county_location,special_condition,beat_type,chp_beat_type,city_division_lapd,chp_beat_class,beat_number,primary_road,secondary_road,distance,direction,intersection,weather_1,weather_2,state_highway_indicator,caltrans_county,caltrans_district,state_route,route_suffix,postmile_prefix,postmile,location_type,ramp_intersection,side_of_highway,tow_away,collision_severity,killed_victims,injured_victims,party_count,primary_collision_factor,pcf_violation_code,pcf_violation_category,pcf_violation,pcf_violation_subsection,hit_and_run,type_of_collision,motor_vehicle_involved_with,pedestrian_action,road_surface,road_condition_1,road_condition_2,lighting,control_device,chp_road_type,pedestrian_collision,bicycle_collision,motorcycle_collision,truck_collision,not_private_property,alcohol_involved,statewide_vehicle_type_at_fault,chp_vehicle_type_at_fault,severe_injury_count,other_visible_injury_count,complaint_of_pain_injury_count,pedestrian_killed_count,pedestrian_injured_count,bicyclist_killed_count,bicyclist_injured_count,motorcyclist_killed_count,motorcyclist_injured_count,primary_ramp,secondary_ramp,latitude,longitude,collision_date,collision_time,process_date
3982946,2106,NP288,,not chp,25000 to 50000,2106,marin,0,not chp,not chp,,not chp,001,CENTER RD,HUNE CT,44.0,west,0,clear,,0,,,,,,,,,,0,other injury,0,1,2,vehicle code violation,,improper turning,22107,,felony,other,bicycle,no pedestrian involved,dry,normal,,daylight,none,0,0,1,0,0,1,,passenger car,"passenger car, station",0,1,0,0,0,0,1,0,0,,,,,2009-02-03,10:50:00,2009-10-16
3982947,3600,B6727,HE1,not chp,50000 to 100000,3619,san bernardino,0,not chp,not chp,,not chp,001,MARIPOSA RD,MAIN ST,200.0,north,0,clear,,0,,,,,,,,,,1,property damage only,0,0,2,vehicle code violation,,automobile right of way,21801,A,not hit and run,head-on,other motor vehicle,no pedestrian involved,dry,normal,,daylight,functioning,0,0,0,0,0,1,,,,0,0,0,0,0,0,0,0,0,,,,,2009-01-04,09:50:00,2009-09-16
3982948,9335,18845,,2200 thru 0559,50000 to 100000,4117,san mateo,0,chp state highway,us highway,,chp other,012,RT 101,GRAND AV,50.0,south,0,cloudy,,1,san mateo,4,101,,,21.86,highway,,northbound,1,property damage only,0,0,1,vehicle code violation,,improper turning,22107,,not hit and run,hit object,fixed object,no pedestrian involved,dry,normal,,dark with no street lights,none,1,0,0,0,0,1,,passenger car,"passenger car, station",0,0,0,0,0,0,0,0,0,,,,,2009-01-25,01:20:00,2009-10-07
3982949,713,K26,,not chp,2500 to 10000,0713,contra costa,0,not chp,not chp,,not chp,,ARLINGTON CT,NORWOOD AV,80.0,,0,cloudy,,0,,,,,,,,,,0,property damage only,0,0,2,vehicle code violation,,improper turning,22107,,misdemeanor,sideswipe,parked motor vehicle,no pedestrian involved,dry,normal,,,none,0,0,0,0,0,1,,,,0,0,0,0,0,0,0,0,0,,,,,2009-01-04,17:30:00,2009-09-16
3982950,2106,NP288,,not chp,25000 to 50000,2106,marin,0,not chp,not chp,,not chp,004,6TH ST,GRANT AV,300.0,north,0,clear,,0,,,,,,,,,,1,property damage only,0,0,3,vehicle code violation,,speeding,22350,,not hit and run,rear end,parked motor vehicle,no pedestrian involved,dry,normal,,daylight,none,0,0,0,0,1,1,,passenger car,"passenger car, station",0,0,0,0,0,0,0,0,0,,,,,2009-02-03,12:58:00,2009-10-16
3982951,3600,C3983,HE130,not chp,50000 to 100000,3619,san bernardino,0,not chp,not chp,,not chp,001,WILLOW ST,5TH AV,528.0,west,0,clear,,0,,,,,,,,,,0,property damage only,0,0,2,vehicle code violation,,,,,not hit and run,sideswipe,other motor vehicle,no pedestrian involved,dry,normal,,daylight,functioning,0,0,0,0,0,1,,pickup or panel truck,pickups & panels,0,0,0,0,0,0,0,0,0,,,,,2009-01-07,16:04:00,2009-09-16
3982952,9335,18624,9335,1400 thru 2159,25000 to 50000,4114,san mateo,0,chp state highway,interstate,,chp other,020,RT 280,AVALON DR,500.0,south,0,cloudy,,1,san mateo,4,280,,R,21.82,highway,,northbound,0,property damage only,0,0,3,vehicle code violation,,impeding traffic,22400,A,not hit and run,rear end,other motor vehicle,no pedestrian involved,dry,normal,,dark with no street lights,none,1,0,0,0,0,1,,passenger car,"passenger car, station",0,0,0,0,0,0,0,0,0,,,,,2009-01-24,21:50:00,2009-10-20
3982953,9335,18959,,2200 thru 0559,>250000,3801,san francisco,0,chp state highway,us highway,,chp other,014,RT 101,VERMONT ST,250.0,south,0,clear,,1,san francisco,4,101,,,3.96,highway,,northbound,1,pain,0,2,2,vehicle code violation,,speeding,22350,,not hit and run,rear end,other motor vehicle,no pedestrian involved,dry,normal,,dark with no street lights,none,1,0,0,0,0,1,,passenger car,"passenger car, station",0,0,2,0,0,0,0,0,0,,southbound off-ramp,,,2009-01-31,22:55:00,2009-10-07
3982954,2106,NP288,,not chp,25000 to 50000,2106,marin,0,not chp,not chp,,not chp,004,6TH ST,GRANT AV,330.0,north,0,clear,,0,,,,,,,,,,1,property damage only,0,0,2,unknown,,unknown,,,not hit and run,broadside,other motor vehicle,no pedestrian involved,dry,normal,,daylight,none,0,0,0,0,0,1,,,,0,0,0,0,0,0,0,0,0,,,,,2009-02-02,13:53:00,2009-10-16
3982955,9650,13570,,1400 thru 2159,50000 to 100000,3712,san diego,0,chp state highway,state route,,chp other,019,RT 78,SAN MARCOS BL,1000.0,east,0,clear,,1,san diego,11,78,,,12.37,highway,,eastbound,0,property damage only,0,0,2,vehicle code violation,,unsafe lane change,21658,A,not hit and run,sideswipe,other motor vehicle,no pedestrian involved,dry,normal,,daylight,none,1,0,0,0,0,1,,passenger car,"passenger car, station",0,0,0,0,0,0,0,0,0,,,,,2009-01-27,14:30:00,2009-10-07
3982956,9335,19202,,2200 thru 0559,>250000,3801,san francisco,0,chp state highway,interstate,,chp other,080,RT 80,8TH ST,300.0,east,0,raining,,1,san francisco,4,80,,,4.58,highway,,eastbound,0,property damage only,0,0,2,vehicle code violation,,speeding,22350,,misdemeanor,rear end,other motor vehicle,no pedestrian involved,wet,construction,,dark with street lights,none,1,0,0,0,0,1,,passenger car,"passenger car, station",0,0,0,0,0,0,0,0,0,,,,,2009-01-21,23:59:00,2009-10-07
3982957,9335,17889,,0600 thru 1359,>250000,3801,san francisco,0,chp state highway,interstate,,chp primary,081,RT 80,YERBA BUENA ISLAND TUNNEL,2640.0,west,0,clear,,1,san francisco,4,80,,,7.22,highway,,westbound,0,property damage only,0,0,2,vehicle code violation,,speeding,22350,,misdemeanor,rear end,other motor vehicle,no pedestrian involved,dry,normal,,daylight,none,4,0,0,0,0,1,,passenger car,"passenger car, station",0,0,0,0,0,0,0,0,0,,,,,2009-01-31,12:35:00,2009-10-07
3982958,2106,NP288,,not chp,25000 to 50000,2106,marin,0,not chp,not chp,,not chp,004,REDWOOD BL,LAMONT AV,940.0,north,0,clear,,0,,,,,,,,,,1,pain,0,3,2,vehicle code violation,,automobile right of way,21804,,not hit and run,broadside,other motor vehicle,no pedestrian involved,dry,normal,,daylight,functioning,0,0,0,0,0,1,,passenger car,sport utility vehicle,0,0,3,0,0,0,0,0,0,,,,,2009-02-03,14:31:00,2009-10-16
3982959,9650,12120,,0600 thru 1359,50000 to 100000,3712,san diego,0,chp state highway,state route,,chp other,019,RT 78,WOODLAND PKWY,300.0,west,0,clear,,1,san diego,11,78,,,14.18,highway,,westbound,1,property damage only,0,0,5,vehicle code violation,,improper turning,22107,,not hit and run,sideswipe,other motor vehicle,no pedestrian involved,dry,normal,,dark with street lights,none,1,0,0,0,0,1,,passenger car,"passenger car, station",0,0,0,0,0,0,0,0,0,,,,,2009-01-28,06:10:00,2009-10-07
3982960,9335,18657,,2200 thru 0559,100000 to 250000,4106,san mateo,0,chp state highway,interstate,,chp other,021,RT 280,EASTMOORE AV,115.0,south,0,clear,,1,san mateo,4,280,,R,25.76,highway,,southbound,1,property damage only,0,0,2,vehicle code violation,,speeding,22350,,not hit and run,rear end,other motor vehicle,no pedestrian involved,dry,normal,,dark with street lights,none,1,0,0,0,0,1,,passenger car,"passenger car, station",0,0,0,0,0,0,0,0,0,,,,,2009-01-18,03:00:00,2009-11-18
3984218,3711,3661,,not chp,>250000,3711,san diego,0,not chp,not chp,,not chp,432,IMPERIAL AV,SAN JACINTO DR,38.0,east,0,clear,,0,,,,,,,,,,1,fatal,1,0,1,vehicle code violation,,speeding,22350,,not hit and run,hit object,fixed object,no pedestrian involved,dry,normal,,dark with street lights,none,0,0,0,0,0,1,1,pickup or panel truck,pickups & panels,0,0,0,0,0,0,0,0,0,,,,,2009-01-05,22:10:00,2009-01-15
3984219,1942,33829,1701,not chp,>250000,1942,los angeles,0,not chp,not chp,Q,not chp,9T57,TAMPA AV,PINE VALLEY AV,420.0,north,0,,,0,,,,,,,,,,1,fatal,1,0,1,vehicle code violation,,speeding,22350,,not hit and run,hit object,fixed object,no pedestrian involved,wet,normal,,dark with street lights,none,0,0,0,0,0,1,,passenger car,"passenger car, station",0,0,0,0,0,0,0,0,0,,,,,2009-01-03,05:40:00,2009-01-15
3984244,9855,16756,,2200 thru 0559,100000 to 250000,3607,san bernardino,0,chp state highway,interstate,,chp other,152,RT 15,PHILADELPHIA ST,2648.0,north,0,clear,,1,san bernardino,8,15,,,0.72,highway,,southbound,1,fatal,1,1,1,vehicle code violation,,dui,23152,A,not hit and run,hit object,fixed object,no pedestrian involved,dry,normal,,dark with street lights,none,1,0,0,0,0,1,1,passenger car,"passenger car, station",0,1,0,0,0,0,0,0,0,,,,,2009-01-11,02:08:00,2009-03-23
3984245,4313,3277,CENTR,not chp,>250000,4313,santa clara,0,not chp,not chp,,not chp,0R4,LUNDY AV,ROSEBRIAR WY,0.0,,1,clear,,0,,,,,,,,,,1,fatal,1,0,2,vehicle code violation,,,,,not hit and run,pedestrian,pedestrian,crossing in intersection crosswalk,dry,normal,,dark with street lights,functioning,0,1,0,0,0,1,,,,0,0,0,1,0,0,0,0,0,,,,,2009-01-06,18:21:00,2010-09-22
3984246,9855,15919,,0600 thru 1359,100000 to 250000,3607,san bernardino,0,chp state highway,interstate,,chp other,103,RT 10,4TH ST,51.0,south,0,clear,,1,san bernardino,8,10,,,5.391,ramp,"ramp exit, last 50 feet",westbound,1,fatal,1,0,2,vehicle code violation,,speeding,22350,,not hit and run,hit object,fixed object,no pedestrian involved,dry,normal,,daylight,functioning,1,0,0,1,0,1,,motorcycle or scooter,motorcycle,0,0,0,0,0,0,0,1,0,TO,,,,2009-01-11,13:02:00,2010-09-14
3984274,1942,38614,0152,not chp,>250000,1942,los angeles,0,not chp,not chp,A,not chp,1T11,5TH ST,FLOWER ST,0.0,,1,clear,,0,,,,,,,,,,1,fatal,1,0,2,vehicle code violation,,pedestrian right of way,21950,A,not hit and run,pedestrian,pedestrian,crossing in intersection crosswalk,dry,normal,,dark with street lights,functioning,0,1,0,0,0,1,,other bus,public transit authority,0,0,0,1,0,0,0,0,0,,,,,2009-01-07,06:30:00,2009-01-26
3984278,3711,4310,,not chp,>250000,3711,san diego,0,not chp,not chp,,not chp,714,RAIL CT,EAST SAN YSIDRO BL,47.0,east,0,cloudy,,0,,,,,,,,,,0,fatal,1,0,2,vehicle code violation,,pedestrian violation,21954,A,not hit and run,pedestrian,pedestrian,crossing not in crosswalk,dry,normal,,dark with street lights,none,0,1,0,0,0,1,,pedestrian,pedestrian,0,0,0,1,0,0,0,0,0,,,,,2009-01-08,20:16:00,2009-01-26
3984280,9252,12096,,0600 thru 1359,unincorporated,3400,sacramento,0,chp state highway,state route,,chp primary,163,RT 160,LAMBERT RD,102.0,north,0,clear,,1,sacramento,3,160,,,23.82,highway,,southbound,1,fatal,1,0,1,vehicle code violation,,improper turning,22107,,not hit and run,hit object,fixed object,no pedestrian involved,dry,normal,,daylight,none,0,0,0,0,0,1,,passenger car,"passenger car, station",0,0,0,0,0,0,0,0,0,,,38.34053,-121.54235,2009-01-20,11:55:00,2010-09-17
3984281,1942,32896,1985,not chp,>250000,1942,los angeles,0,not chp,not chp,,not chp,17T17,VAN NUYS BL,VESPER AV,0.0,,1,clear,,0,,,,,,,,,,0,fatal,1,0,2,vehicle code violation,,speeding,22350,,not hit and run,broadside,other motor vehicle,no pedestrian involved,dry,normal,,dark with street lights,functioning,0,0,0,0,0,1,,passenger car,"passenger car, station",0,0,0,0,0,0,0,0,0,,,,,2009-01-08,00:50:00,2009-01-26
3984282,3711,3815,,not chp,>250000,3711,san diego,0,not chp,not chp,,not chp,231,SABRE SPRINGS PKWY,MORNING CREEK DR,644.0,south,0,clear,,0,,,,,,,,,,1,fatal,1,0,2,vehicle code violation,,other hazardous violation,21209,A,not hit and run,other,bicycle,no pedestrian involved,dry,normal,,dark with street lights,none,0,0,1,0,0,1,,passenger car,"passenger car, station",0,0,0,0,0,1,0,0,0,,,,,2009-01-06,19:16:00,2010-09-14
3984283,9155,18046,,2200 thru 0559,unincorporated,0600,colusa,0,chp state highway,interstate,,chp other,051,RT 5,MEYERS RD,4224.0,south,0,fog,,1,colusa,3,5,,R,12.89,highway,,northbound,1,fatal,1,2,2,vehicle code violation,,speeding,22350,,felony,rear end,other motor vehicle,no pedestrian involved,dry,normal,,dark with no street lights,none,1,0,0,0,0,1,,pickup or panel truck,pickups & panels,0,0,2,0,0,0,0,0,0,,,39.09182,-122.10638,2009-01-07,03:30:00,2009-01-28
3984284,3711,4823,,not chp,>250000,3711,san diego,0,not chp,not chp,,not chp,124,NAUTILUS ST,DRAPER AV,528.0,east,0,clear,,0,,,,,,,,,,1,fatal,1,0,1,vehicle code violation,,improper turning,22107,,not hit and run,hit object,fixed object,no pedestrian involved,dry,normal,,dark with street lights,none,0,0,0,0,0,1,1,passenger car,"passenger car, station",0,0,0,0,0,0,0,0,0,,,,,2009-01-12,02:31:00,2010-09-14
3984285,3000,4070,921B1,not chp,10000 to 25000,3051,orange,0,not chp,not chp,,not chp,080,MONTE HERMOSO,AVENIDA SOSIEGA,444.0,west,0,clear,,0,,,,,,,,,,1,fatal,1,0,1,unknown,,unknown,,,not hit and run,hit object,fixed object,no pedestrian involved,dry,normal,,daylight,none,0,0,0,0,0,1,,,,0,0,0,0,0,0,0,0,0,,,,,2009-01-11,11:10:00,2009-01-26
3984313,9420,17150,,2200 thru 0559,unincorporated,1500,kern,0,chp county roadline,county road line,,chp primary,072,EDISON HWY,OSWELL ST,58.0,east,0,cloudy,,0,,,,,,,,,,1,fatal,2,1,1,vehicle code violation,,speeding,22350,,not hit and run,hit object,fixed object,no pedestrian involved,dry,normal,,dark with street lights,functioning,0,0,0,0,0,1,1,pickup or panel truck,pickups & panels,1,0,0,0,0,0,0,0,0,,,,,2009-01-01,01:00:00,2010-09-14
3984314,9420,14360,,0600 thru 1359,unincorporated,1500,kern,0,chp county roadarea,county road area,,chp other,630,HOUGHTON RD,WIBLE RD,292.0,west,0,clear,,0,,,,,,,,,,1,fatal,4,0,2,vehicle code violation,,speeding,22350,,not hit and run,head-on,other motor vehicle,no pedestrian involved,dry,normal,,daylight,functioning,0,0,0,0,0,1,1,pickup or panel truck,pickups & panels,0,0,0,0,0,0,0,0,0,,,35.23785,-119.0401,2009-01-09,11:25:00,2010-09-14
3984319,9855,13352,,2200 thru 0559,unincorporated,3600,san bernardino,0,chp county roadarea,county road area,,chp other,001,ETIWANDA AV,NAPA ST,633.0,south,0,clear,,0,,,,,,,,,,1,fatal,1,0,2,vehicle code violation,,pedestrian violation,21954,A,not hit and run,pedestrian,pedestrian,crossing not in crosswalk,dry,normal,,dark with no street lights,none,0,1,0,0,0,1,,pedestrian,pedestrian,0,0,0,1,0,0,0,0,0,,,34.08835,-117.52381,2009-01-20,05:10:00,2010-09-16
3984324,1920,62,,not chp,100000 to 250000,1920,los angeles,0,not chp,not chp,,not chp,001,FIRESTONE BL,PANGBORN AV,320.0,east,0,clear,,0,,,,,,,,,,1,fatal,1,0,3,unknown,,unknown,,,not hit and run,rear end,other motor vehicle,no pedestrian involved,dry,normal,,daylight,functioning,0,0,0,0,0,1,,,,0,0,0,0,0,0,0,0,0,,,,,2009-01-15,15:23:00,2009-01-28
3984328,9426,17581,,1400 thru 2159,unincorporated,1500,kern,0,chp state highway,interstate,,chp other,500,RT 5,TWISSELMAN RD,4224.0,south,0,cloudy,,1,kern,6,5,,,81.58,highway,,southbound,1,fatal,1,2,1,vehicle code violation,,improper turning,22107,,not hit and run,hit object,fixed object,no pedestrian involved,wet,normal,,dark with no street lights,none,1,0,0,0,0,1,,other vehicle,motor home,0,2,0,0,0,0,0,0,0,,,35.72286,-119.7329,2009-01-02,21:55:00,2009-01-30
3984329,9450,011331,,0600 thru 1359,unincorporated,2000,madera,0,chp county roadline,county road line,,chp other,044,COUNTY ROAD 145,RT 41,7392.0,east,0,cloudy,,0,,,,,,,,,,1,fatal,1,1,2,vehicle code violation,,wrong side of road,21460,A,not hit and run,head-on,other motor vehicle,no pedestrian involved,dry,normal,,daylight,none,0,0,0,1,0,1,,motorcycle or scooter,motorcycle,0,0,1,0,0,0,0,1,0,,,37.0129,-119.76988,2009-01-01,13:45:00,2010-09-14
3984333,9590,19072,9590,2200 thru 0559,>250000,1942,los angeles,0,chp state highway,us highway,,chp other,073,RT 101,WILTON PL,63.0,north,0,clear,,1,los angeles,7,101,,,6.16,highway,,southbound,1,fatal,2,1,1,vehicle code violation,,improper turning,22107,,not hit and run,hit object,fixed object,no pedestrian involved,dry,normal,,dark with street lights,none,1,0,0,0,0,1,1,passenger car,"passenger car, station",0,1,0,0,0,0,0,0,0,,,34.09691,-118.31397,2009-01-07,01:00:00,2010-09-21
3984348,9655,17285,,2200 thru 0559,25000 to 50000,3301,riverside,0,chp state highway,interstate,,chp other,204,RT 10,8TH ST,2202.0,west,0,clear,,1,riverside,8,10,,R,12.43,highway,,westbound,0,fatal,1,0,5,vehicle code violation,,pedestrian violation,21954,A,felony,pedestrian,pedestrian,in road,dry,normal,,dark with street lights,none,1,1,0,0,0,1,1,pedestrian,pedestrian,0,0,0,1,0,0,0,0,0,,,,,2009-01-11,05:01:00,2010-09-14
3984351,3313,0282,C,not chp,>250000,3313,riverside,0,not chp,not chp,,not chp,T48,ADAMS ST,BRUNSWICK AV,109.0,north,0,clear,,0,,,,,,,,,,1,fatal,1,0,2,vehicle code violation,,traffic signals and signs,21453,A,not hit and run,other,bicycle,no pedestrian involved,dry,normal,,dusk or dawn,functioning,0,0,1,0,0,1,1,passenger car,"passenger car, station",0,0,0,0,0,1,0,0,0,,,,,2009-01-02,17:04:00,2010-09-14
3984352,1942,24517,2014,not chp,>250000,1942,los angeles,0,not chp,not chp,,not chp,6T7,HARVARD BL,3RD ST,0.0,,1,clear,,0,,,,,,,,,,1,fatal,1,0,2,vehicle code violation,,automobile right of way,21802,A,not hit and run,broadside,other motor vehicle,no pedestrian involved,dry,normal,,daylight,functioning,0,0,0,1,0,1,,passenger car,"passenger car, station",0,0,0,0,0,0,0,1,0,,,,,2009-01-11,14:50:00,2010-09-14
3984353,9525,17506,,2200 thru 0559,25000 to 50000,1913,los angeles,0,chp state highway,interstate,,chp other,105,RT 10,COLLEGE AV,475.0,east,0,clear,,1,los angeles,7,10,,,48.09,highway,,eastbound,1,fatal,1,1,2,vehicle code violation,,pedestrian violation,21954,A,not hit and run,pedestrian,pedestrian,crossing not in crosswalk,dry,normal,,dark with street lights,none,1,1,0,0,0,1,1,pedestrian,pedestrian,0,1,0,1,0,0,0,0,0,,,34.0817,-117.71303,2009-01-01,02:26:00,2010-09-14
3984358,9855,15299,,0600 thru 1359,100000 to 250000,3616,san bernardino,0,chp state highway,interstate,,chp other,153,RT 15,4TH ST,1600.0,north,0,clear,,1,san bernardino,8,15,,,3.38,highway,,southbound,1,fatal,1,2,2,vehicle code violation,,unsafe lane change,21658,A,not hit and run,sideswipe,other motor vehicle,no pedestrian involved,dry,normal,,daylight,none,1,0,0,0,0,1,1,passenger car,"passenger car, station",1,0,1,0,0,0,0,0,0,,,,,2009-01-17,07:50:00,2009-04-14
3984359,3300,1773,87F1,not chp,2500 to 10000,3316,riverside,0,not chp,not chp,,not chp,MO98,MILES AV,RT 111,100.0,north,0,clear,wind,1,riverside,8,111,,,35.405,intersection,"not state highway, intersection-related, within 250 feet",northbound,1,fatal,1,0,1,other than driver,,other than driver (or pedestrian),,,not hit and run,hit object,fixed object,no pedestrian involved,dry,obstruction,,daylight,none,0,0,0,0,0,1,,,,0,0,0,0,0,0,0,0,0,,,,,2009-01-12,13:05:00,2009-04-14
3984361,9426,17207,,2200 thru 0559,unincorporated,1500,kern,0,chp state highway,state route,,chp primary,461,RT 46,GUN CLUB RD,1056.0,west,0,clear,,1,kern,6,46,,,40.82,highway,,westbound,1,fatal,1,2,1,vehicle code violation,,dui,23152,A,not hit and run,hit object,fixed object,no pedestrian involved,dry,normal,,dark with no street lights,none,0,0,0,0,0,1,1,passenger car,"passenger car, station",1,1,0,0,0,0,0,0,0,,,35.60119,-119.51225,2009-01-18,02:23:00,2009-02-04
3984369,1942,34257,1353,not chp,>250000,1942,los angeles,0,not chp,not chp,M,not chp,2T15-W,VERNON AV,STANFORD AV,106.0,east,0,clear,,0,,,,,,,,,,0,fatal,1,0,2,vehicle code violation,,pedestrian violation,21954,A,not hit and run,pedestrian,pedestrian,in road,dry,normal,,dark with street lights,functioning,0,1,0,0,0,1,1,pedestrian,pedestrian,0,0,0,1,0,0,0,0,0,,,,,2009-01-04,01:50:00,2009-01-30
3984376,9150,18709,,2200 thru 0559,unincorporated,2300,mendocino,0,chp state highway,us highway,,chp primary,012,RT 101,HENRY STATION RD,4752.0,south,0,clear,,1,mendocino,1,101,,,15.64,highway,,southbound,1,fatal,1,0,2,other than driver,,other than driver (or pedestrian),,,not hit and run,hit object,animal,no pedestrian involved,dry,normal,,dark with no street lights,none,0,0,0,0,1,1,,,,0,0,0,0,0,0,0,0,0,,,,,2009-01-17,02:45:00,2009-02-10
3984381,9630,12442,,0600 thru 1359,unincorporated,3300,riverside,0,chp state highway,interstate,,chp other,301,RT 10,BOX CANYON RD,4752.0,west,0,clear,,1,riverside,8,10,,R,80.56,highway,,eastbound,1,fatal,1,0,1,vehicle code violation,,unsafe lane change,21658,A,not hit and run,hit object,fixed object,no pedestrian involved,dry,normal,,dusk or dawn,none,1,0,0,0,0,1,,pickup or panel truck,pickups & panels,0,0,0,0,0,0,0,0,0,,,33.6606,-115.81813,2009-01-07,06:35:00,2009-02-10
3984383,9650,13628,,2200 thru 0559,unincorporated,3700,san diego,0,chp county roadarea,county road area,,chp other,070,EL CAMINO REAL,HIGHLAND DR,2726.0,north,0,fog,,0,,,,,,,,,,1,fatal,1,1,3,vehicle code violation,,dui,23152,A,not hit and run,rear end,other motor vehicle,not in road,wet,normal,,dark with no street lights,functioning,0,1,0,0,0,1,1,passenger car,sport utility vehicle,0,1,0,1,0,0,0,0,0,,,,,2009-01-01,02:53:00,2010-09-14
3984389,9740,13984,,chp not stated,unincorporated,4000,san luis obispo,0,chp county roadarea,county road area,,chp other,023,OLD CREEK RD,RT 46,5808.0,south,0,clear,,0,,,,,,,,,,1,fatal,1,0,1,vehicle code violation,,improper turning,22107,,not hit and run,overturned,fixed object,no pedestrian involved,dry,normal,,daylight,none,0,0,0,0,0,1,,pickup or panel truck,pickups & panels,0,0,0,0,0,0,0,0,0,,,35.50996,-120.84438,2009-01-08,,2009-02-03
3984398,9252,12666,,0600 thru 1359,unincorporated,3400,sacramento,0,chp county roadline,county road line,,chp other,073,GERBER RD,COUNTRY PARK DR,85.0,west,0,clear,,0,,,,,,,,,,1,fatal,1,0,2,vehicle code violation,,speeding,22350,,not hit and run,broadside,other motor vehicle,no pedestrian involved,dry,normal,,dusk or dawn,functioning,0,0,0,1,0,1,,motorcycle or scooter,motorcycle,0,0,0,0,0,0,0,1,0,,,38.48171,-121.40174,2009-01-29,07:45:00,2009-03-12
3984659,9222,11448,OTHER,0600 thru 1359,10000 to 25000,2908,nevada,0,chp state highway,interstate,,chp other,023,RT 80,RT 267,0.0,,1,snowing,,1,nevada,3,80,,,16.366,ramp,"ramp exit, last 50 feet",eastbound,1,property damage only,0,0,2,vehicle code violation,,traffic signals and signs,22450,A,not hit and run,broadside,other motor vehicle,no pedestrian involved,snowy,normal,,daylight,functioning,1,0,0,0,1,1,,passenger car,"passenger car, station",0,0,0,0,0,0,0,0,0,eastbound off-ramp,,,,2009-01-02,07:45:00,2009-09-24
3984857,3607,80350,182,not chp,100000 to 250000,3607,san bernardino,0,not chp,not chp,,not chp,051,MISSION BL,SAN ANTONIO AV,0.0,,1,clear,,0,,,,,,,,,,1,property damage only,0,0,2,vehicle code violation,,traffic signals and signs,21453,A,not hit and run,broadside,other motor vehicle,no pedestrian involved,dry,normal,,daylight,functioning,0,0,0,0,0,1,,,,0,0,0,0,0,0,0,0,0,,,,,2009-01-01,12:18:00,2009-09-09
3984861,3905,1422,CIV,not chp,100000 to 250000,3905,san joaquin,0,not chp,not chp,,not chp,,ELM ST,PACIFIC AV,62.0,east,0,clear,,0,,,,,,,,,,0,property damage only,0,0,1,vehicle code violation,,improper turning,22107,,not hit and run,hit object,fixed object,no pedestrian involved,dry,normal,,daylight,none,0,0,0,0,1,1,,truck or truck tractor,two axle truck,0,0,0,0,0,0,0,0,0,,,,,2009-01-02,11:30:00,2009-09-09
3984865,3905,1154,VAL,not chp,100000 to 250000,3905,san joaquin,0,not chp,not chp,,not chp,,SWAIN RD,MONTAUBAN AV,0.0,,1,clear,,0,,,,,,,,,,1,property damage only,0,0,2,vehicle code violation,,automobile right of way,21802,A,not hit and run,broadside,other motor vehicle,no pedestrian involved,dry,normal,,dark with street lights,functioning,0,0,0,0,0,1,,,,0,0,0,0,0,0,0,0,0,,,,,2009-01-04,06:37:00,2009-09-09
3984869,3905,2293,PAR,not chp,100000 to 250000,3905,san joaquin,0,not chp,not chp,,not chp,,CHARTER WY,B ST,0.0,,1,clear,,0,,,,,,,,,,1,pain,0,1,2,vehicle code violation,,,,,not hit and run,broadside,other motor vehicle,no pedestrian involved,dry,normal,,daylight,functioning,0,0,0,0,0,1,,passenger car,"passenger car, station",0,0,1,0,0,0,0,0,0,,,,,2009-01-03,11:30:00,2009-09-09
3984873,3905,2302,PAR,not chp,100000 to 250000,3905,san joaquin,0,not chp,not chp,,not chp,,ARCH AIRPORT RD,QANTAS LN,476.0,west,0,clear,wind,0,,,,,,,,,,1,property damage only,0,0,1,vehicle code violation,,improper turning,22107,,not hit and run,head-on,fixed object,no pedestrian involved,dry,normal,,dark with street lights,functioning,0,0,0,0,1,1,,truck or truck tractor with trailer,three or more axle truck,0,0,0,0,0,0,0,0,0,,,,,2009-01-02,03:45:00,2009-09-15
3984928,9252,13560,,0600 thru 1359,50000 to 100000,3490,sacramento,0,chp state highway,us highway,,chp other,152,RT 50,SUNRISE BL,400.0,west,0,cloudy,raining,1,sacramento,3,50,,,12.381,ramp,mid-ramp,westbound,1,property damage only,0,0,2,vehicle code violation,,improper turning,22107,,not hit and run,rear end,other motor vehicle,no pedestrian involved,,normal,,daylight,none,1,0,0,0,0,1,,pickup or panel truck,pickups & panels,0,0,0,0,0,0,0,0,0,,,38.60892,-121.27206,2009-01-02,12:00:00,2009-10-02