case_id,jurisdiction,officer_id,reporting_district,chp_shift,population,county_city_location,county_location,special_condition,beat_type,chp_beat_type,city_division_lapd,chp_beat_class,beat_number,primary_road,secondary_road,distance,direction,intersection,weather_1,weather_2,state_highway_indicator,caltrans_county,caltrans_district,state_route,route_suffix,postmile_prefix,postmile,location_type,ramp_intersection,side_of_highway,tow_away,collision_severity,killed_victims,injured_victims,party_count,primary_collision_factor,pcf_violation_code,pcf_violation_category,pcf_violation,pcf_violation_subsection,hit_and_run,type_of_collision,motor_vehicle_involved_with,pedestrian_action,road_surface,road_condition_1,road_condition_2,lighting,control_device,chp_road_type,pedestrian_collision,bicycle_collision,motorcycle_collision,truck_collision,not_private_property,alcohol_involved,statewide_vehicle_type_at_fault,chp_vehicle_type_at_fault,severe_injury_count,other_visible_injury_count,complaint_of_pain_injury_count,pedestrian_killed_count,pedestrian_injured_count,bicyclist_killed_count,bicyclist_injured_count,motorcyclist_killed_count,motorcyclist_injured_count,primary_ramp,secondary_ramp,latitude,longitude,collision_date,collision_time,process_date
4004202,9645,15331,,0600 thru 1359,>250000,3711,san diego,0,chp state highway,interstate,,chp other,017,RT 15,MIRA MESA BL,150.0,north,0,clear,,1,san diego,11,15,,M,16.183,ramp,"ramp exit, last 50 feet",southbound,1,property damage only,0,0,2,vehicle code violation,,dui,23152,A,not hit and run,rear end,other motor vehicle,no pedestrian involved,dry,construction,,daylight,functioning,1,0,0,0,1,1,1,passenger car,"passenger car, station",0,0,0,0,0,0,0,0,0,TO,,32.91753,-117.11755,2009-01-13,12:55:00,2009-09-17
4004203,1900,440103,0451,not chp,100000 to 250000,1949,los angeles,0,not chp,not chp,,not chp,45T1P,STUDEBAKER RD,FIRESTONE BL,626.0,south,0,clear,,0,,,,,,,,,,1,property damage only,0,0,3,vehicle code violation,,speeding,22350,,not hit and run,rear end,other motor vehicle,no pedestrian involved,dry,normal,,daylight,none,0,0,0,0,0,1,,passenger car,"passenger car, station",0,0,0,0,0,0,0,0,0,,,,,2009-01-16,16:05:00,2009-08-26
4004204,4312,B2410,,not chp,50000 to 100000,4312,santa clara,0,not chp,not chp,,not chp,002,ALMA ST,OREGON EXPWY,0.0,,1,clear,,0,,,,,,,,,,1,pain,0,1,2,vehicle code violation,,improper turning,22107,,not hit and run,sideswipe,fixed object,no pedestrian involved,dry,reduced width,,dark with street lights,none,0,0,0,0,0,1,,pickup or panel truck,pickups & panels,0,0,1,0,0,0,0,0,0,,,,,2009-01-15,22:42:00,2009-09-16
4004205,1920,11984,,not chp,100000 to 250000,1920,los angeles,0,not chp,not chp,,not chp,001,IMPERIAL HWY,LAKEWOOD BL,0.0,,1,clear,,0,,,,,,,,,,1,pain,0,1,2,vehicle code violation,,automobile right of way,21453,C,not hit and run,broadside,other motor vehicle,no pedestrian involved,dry,normal,,dark with street lights,functioning,0,0,0,0,0,1,,passenger car,,0,0,1,0,0,0,0,0,0,,,,,2009-01-01,19:32:00,2010-02-09
4004209,3801,1723,A,not chp,>250000,3801,san francisco,0,not chp,not chp,,not chp,002,KEARNY,POST ST,0.0,,1,clear,,0,,,,,,,,,,1,other injury,0,1,2,vehicle code violation,,,,,not hit and run,broadside,other motor vehicle,no pedestrian involved,dry,normal,,daylight,functioning,0,0,0,0,0,1,,,,0,1,0,0,0,0,0,0,0,,,,,2009-01-15,13:00:00,2009-08-31
4004210,9340,17225,,0600 thru 1359,>250000,4313,santa clara,0,chp state highway,us highway,,chp other,120,RT 101,DE LA CRUZ BL,90.0,south,0,cloudy,,1,santa clara,4,101,,,40.68,highway,,northbound,1,other injury,0,3,4,vehicle code violation,,speeding,22350,,not hit and run,rear end,other motor vehicle,no pedestrian involved,dry,normal,,daylight,none,1,0,0,0,0,1,,pickup or panel truck,pickups & panels,0,2,1,0,0,0,0,0,0,,,37.37709,-121.94233,2009-01-08,09:05:00,2009-09-18
4004211,9250,17431,,0600 thru 1359,unincorporated,3400,sacramento,0,chp county roadline,county road line,,chp primary,011,WATT AV,I ST,30.0,north,0,clear,,0,,,,,,,,,,0,property damage only,0,0,3,vehicle code violation,,speeding,22350,,not hit and run,rear end,other motor vehicle,no pedestrian involved,dry,normal,,daylight,functioning,0,0,0,0,0,1,,other bus,paratransit,0,0,0,0,0,0,0,0,0,,,,,2009-01-03,12:00:00,2009-08-28
4004212,9440,14856,,0600 thru 1359,unincorporated,1600,kings,0,chp county roadline,county road line,,chp primary,045,GRANGEVILLE BL,2ND AV,5808.0,west,0,fog,,0,,,,,,,,,,0,property damage only,0,0,2,vehicle code violation,,speeding,22350,,not hit and run,broadside,other motor vehicle,no pedestrian involved,wet,normal,,daylight,none,0,0,0,0,1,1,,passenger car,"passenger car, station",0,0,0,0,0,0,0,0,0,,,,,2009-01-16,08:05:00,2009-09-15
4004213,3801,1485,COG,not chp,>250000,3801,san francisco,0,not chp,not chp,,not chp,12E,EUCLID AV,COMMONWEALTH AV,42.0,east,0,clear,,0,,,,,,,,,,1,other injury,0,1,1,vehicle code violation,,speeding,22350,,not hit and run,head-on,parked motor vehicle,no pedestrian involved,dry,normal,,dark with street lights,functioning,0,0,0,0,0,1,,pickup or panel truck,pickups & panels,0,1,0,0,0,0,0,0,0,,,,,2009-01-15,22:51:00,2009-08-31
4004214,9461,16781,,2200 thru 0559,unincorporated,2400,merced,0,chp state highway,state route,,chp primary,452,RT 152,SANTA FE GRD,150.0,east,0,clear,,1,merced,10,152,,,23.95,highway,,westbound,0,property damage only,0,0,1,vehicle code violation,,improper turning,22107,,not hit and run,hit object,fixed object,no pedestrian involved,dry,normal,,dark with no street lights,none,5,0,0,0,1,1,,truck or truck tractor with trailer,truck tractor,0,0,0,0,0,0,0,0,0,,,,,2009-01-13,03:30:00,2009-09-14
4004215,1900,101944,0459,not chp,100000 to 250000,1949,los angeles,0,not chp,not chp,,not chp,45T1P,FIRESTONE BL,RT 5,0.0,,1,clear,,1,los angeles,7,5,,,3.61,ramp,"not state highway, ramp-related, within 100 feet",northbound,0,property damage only,0,0,3,vehicle code violation,,traffic signals and signs,22450,A,not hit and run,broadside,other motor vehicle,no pedestrian involved,dry,normal,,daylight,functioning,0,0,0,0,1,1,,passenger car,"passenger car, station",0,0,0,0,0,0,0,0,0,,eastbound off-ramp,,,2009-01-13,17:00:00,2010-01-22
4004217,9375,18398,,0600 thru 1359,unincorporated,0100,alameda,0,chp state highway,state route,,chp primary,239,FOOTHILL BL,MATTOX RD,210.0,north,0,cloudy,,1,alameda,4,238,,R,14.51,highway,,southbound,0,property damage only,0,0,2,vehicle code violation,,speeding,22350,,not hit and run,rear end,other motor vehicle,no pedestrian involved,dry,loose material,,dark with street lights,functioning,0,0,0,0,0,1,,pickup or panel truck,pickups & panels,0,0,0,0,0,0,0,0,0,,,37.68821,-122.09645,2009-01-02,13:20:00,2009-12-16
4004218,9760,18021,,0600 thru 1359,unincorporated,4200,santa barbara,0,chp county roadarea,county road area,,chp other,003,GLEN ANNIE RD,CATHEDRAL OAKS RD,10560.0,north,0,clear,,0,,,,,,,,,,0,property damage only,0,0,2,unknown,,unknown,,,not hit and run,sideswipe,other motor vehicle,no pedestrian involved,dry,normal,,daylight,none,0,0,0,0,0,1,,,,0,0,0,0,0,0,0,0,0,,,34.46061,-119.88045,2009-01-07,06:20:00,2009-08-24
4004219,3705,EC0278,,not chp,50000 to 100000,3705,san diego,0,not chp,not chp,,not chp,009,LEXINGTON,SOUTH 2ND ST,0.0,,1,clear,,0,,,,,,,,,,1,property damage only,0,0,2,vehicle code violation,,improper turning,22107,,misdemeanor,sideswipe,parked motor vehicle,no pedestrian involved,dry,normal,,dark with street lights,functioning,0,0,0,0,0,1,1,pickup or panel truck,pickups & panels,0,0,0,0,0,0,0,0,0,,,,,2009-01-19,20:45:00,2009-08-24
4004221,9365,17272,,2200 thru 0559,50000 to 100000,4803,solano,0,chp state highway,interstate,,chp other,084,RT 80,AIR BASE PKY,1200.0,west,0,clear,,1,solano,4,80,,,18.95,highway,,westbound,0,property damage only,0,0,2,vehicle code violation,,other hazardous violation,23114,A,not hit and run,hit object,other object,no pedestrian involved,dry,normal,,dark with no street lights,none,1,0,0,0,1,1,,truck or truck tractor with trailer,truck tractor,0,0,0,0,0,0,0,0,0,,,,,2009-01-05,03:00:00,2009-10-02
4004222,3607,80257,142,not chp,100000 to 250000,3607,san bernardino,0,not chp,not chp,,not chp,041,MILLIKEN AV,GUASTI RD,0.0,,1,clear,,0,,,,,,,,,,0,property damage only,0,0,2,vehicle code violation,,improper turning,22100,B,not hit and run,sideswipe,other motor vehicle,no pedestrian involved,dry,normal,,daylight,functioning,0,0,0,0,0,1,,,,0,0,0,0,0,0,0,0,0,,,,,2009-01-12,11:23:00,2009-08-25
4004223,1507,242,27,not chp,10000 to 25000,1507,kern,0,not chp,not chp,,not chp,,EAST LERDO HWY,CHERRY AV,0.0,,1,fog,,0,,,,,,,,,,1,other injury,0,2,2,vehicle code violation,,traffic signals and signs,22450,A,not hit and run,broadside,other motor vehicle,no pedestrian involved,slippery,normal,,dusk or dawn,functioning,0,0,0,0,1,1,,truck or truck tractor,two axle truck,0,1,1,0,0,0,0,0,0,,,,,2009-01-12,08:48:00,2009-08-26
4004225,9375,18836,,1400 thru 2159,unincorporated,0100,alameda,0,chp state highway,interstate,,chp other,581,RT 580,CASTRO VALLEY BL,120.0,west,0,clear,,1,alameda,4,580,,R,30.62,highway,,westbound,0,property damage only,0,0,2,vehicle code violation,,speeding,22350,,not hit and run,broadside,other motor vehicle,no pedestrian involved,dry,normal,,daylight,none,1,0,0,0,1,1,,,,0,0,0,0,0,0,0,0,0,,,37.69065,-122.09433,2009-01-08,15:30:00,2009-11-12
4004226,3607,14997,119,not chp,100000 to 250000,3607,san bernardino,0,not chp,not chp,,not chp,012,HOLLOWELL ST,CAMELLIA AV,20.0,west,0,clear,,0,,,,,,,,,,0,property damage only,0,0,2,vehicle code violation,,improper turning,22107,,misdemeanor,sideswipe,parked motor vehicle,no pedestrian involved,dry,normal,,dark with no street lights,none,0,0,0,0,0,1,,,,0,0,0,0,0,0,0,0,0,,,,,2009-01-14,02:00:00,2009-08-24
4004227,1900,213646,0972,not chp,25000 to 50000,1979,los angeles,0,not chp,not chp,,not chp,91T1,SANTA MONICA BL,SAN VICENTE BL,90.0,east,0,clear,,0,,,,,,,,,,0,property damage only,0,0,2,vehicle code violation,,improper turning,22107,,misdemeanor,sideswipe,parked motor vehicle,no pedestrian involved,dry,normal,,daylight,none,0,0,0,0,0,1,,pickup or panel truck,pickups & panels,0,0,0,0,0,0,0,0,0,,,,,2009-01-09,11:05:00,2009-08-24
4004230,9340,15465,,0600 thru 1359,50000 to 100000,4308,santa clara,0,chp state highway,interstate,,chp other,089,RT 880,GREAT MALL PKWY,200.0,north,0,clear,,1,santa clara,4,880,,,7.73,highway,,southbound,0,property damage only,0,0,2,vehicle code violation,,unsafe lane change,21658,A,not hit and run,sideswipe,other motor vehicle,no pedestrian involved,dry,normal,,daylight,none,1,0,0,0,0,1,,passenger car,sport utility vehicle,0,0,0,0,0,0,0,0,0,,,37.41687,-121.91377,2009-01-08,09:00:00,2009-09-21
4004231,1900,465855,0976,not chp,25000 to 50000,1979,los angeles,0,not chp,not chp,,not chp,91E,FLORES ST,FOUNTAIN ST,50.0,south,0,clear,,0,,,,,,,,,,0,property damage only,0,0,2,vehicle code violation,,improper turning,22107,,misdemeanor,sideswipe,parked motor vehicle,no pedestrian involved,dry,normal,,dark with street lights,functioning,0,0,0,0,0,1,,pickup or panel truck,pickups & panels,0,0,0,0,0,0,0,0,0,,,,,2009-01-16,21:00:00,2009-08-24
4004233,3015,8071,,not chp,100000 to 250000,3015,orange,0,not chp,not chp,,not chp,,HOLDER ST,ORANGE AV,0.0,,1,clear,,0,,,,,,,,,,0,property damage only,0,0,2,vehicle code violation,,improper turning,22107,,not hit and run,sideswipe,other motor vehicle,no pedestrian involved,dry,normal,,dark with street lights,functioning,0,0,0,0,1,1,,truck or truck tractor,two axle truck,0,0,0,0,0,0,0,0,0,,,,,2009-01-02,22:07:00,2009-08-24
4004234,9340,15465,,0600 thru 1359,>250000,4313,santa clara,0,chp state highway,interstate,,chp other,281,RT 280,ALMADEN AV,100.0,north,0,clear,,1,santa clara,4,280,,,7.53,highway,,northbound,1,property damage only,0,0,2,vehicle code violation,,unsafe lane change,21658,A,not hit and run,hit object,fixed object,no pedestrian involved,dry,normal,,daylight,none,1,0,0,0,0,1,,passenger car,"passenger car, station",0,0,0,0,0,0,0,0,0,,,37.32543,-121.88553,2009-01-06,13:50:00,2009-09-22
4004237,9375,19073,,0600 thru 1359,unincorporated,0100,alameda,0,chp county roadline,county road line,,chp other,035,LAKE CHABOT RD,SOMERSET AV,192.0,south,0,clear,,0,,,,,,,,,,0,property damage only,0,0,2,vehicle code violation,,improper turning,22107,,not hit and run,sideswipe,parked motor vehicle,no pedestrian involved,dry,normal,,daylight,none,0,0,0,0,1,1,,,,0,0,0,0,0,0,0,0,0,,,37.69745,-122.08714,2009-01-14,10:00:00,2009-08-24
4004238,9340,17786,,0600 thru 1359,>250000,4313,santa clara,1,schoolbus on city roadway,safety services program,,chp other,901,COTTLE RD,SANTA TERESA BL,40.0,south,0,cloudy,,0,,,,,,,,,,0,pain,0,1,2,vehicle code violation,,improper passing,21750,,not hit and run,sideswipe,other motor vehicle,no pedestrian involved,dry,,,daylight,none,0,0,0,0,0,1,,pickup or panel truck,pickups & panels,0,0,1,0,0,0,0,0,0,,,37.23685,-121.80287,2009-01-06,07:45:00,2009-08-31
4004239,3008,1149,,not chp,100000 to 250000,3008,orange,0,not chp,not chp,,not chp,003,VALENCIA DR,ACACIA AV,150.0,east,0,clear,,0,,,,,,,,,,0,property damage only,0,0,1,vehicle code violation,,improper turning,22107,,not hit and run,hit object,fixed object,no pedestrian involved,dry,normal,,daylight,none,0,0,0,0,1,1,,truck or truck tractor with trailer,truck tractor,0,0,0,0,0,0,0,0,0,,,,,2009-01-19,09:59:00,2009-08-24
4004244,1900,213646,0973,not chp,25000 to 50000,1979,los angeles,0,not chp,not chp,,not chp,91T1,LA BREA AV,FOUNTAIN AV,0.0,,1,cloudy,,0,,,,,,,,,,1,property damage only,0,0,2,vehicle code violation,,automobile right of way,21801,A,not hit and run,head-on,other motor vehicle,no pedestrian involved,dry,normal,,daylight,functioning,0,0,0,0,1,1,,truck or truck tractor,two axle truck,0,0,0,0,0,0,0,0,0,,,,,2009-01-03,11:55:00,2009-08-26
4004256,9340,17225,,0600 thru 1359,100000 to 250000,4314,santa clara,0,chp state highway,us highway,,chp other,120,RT 101,GREAT AMERICA PKWY,1100.0,south,0,cloudy,,1,santa clara,4,101,,,42.52,highway,,northbound,0,property damage only,0,0,2,vehicle code violation,,unsafe lane change,21658,A,not hit and run,sideswipe,other motor vehicle,no pedestrian involved,dry,normal,,daylight,none,1,0,0,0,1,1,,passenger car,"passenger car, station",0,0,0,0,0,0,0,0,0,,,37.384,-121.97006,2009-01-07,07:55:00,2009-11-02
4004264,9765,12076,,0600 thru 1359,50000 to 100000,5601,ventura,0,chp state highway,us highway,,chp other,502,RT 101,LAS POSAS RD,468.0,north,0,clear,,1,ventura,7,101,,,16.0,highway,,northbound,0,property damage only,0,0,2,vehicle code violation,,speeding,22350,,not hit and run,rear end,other motor vehicle,no pedestrian involved,dry,normal,,daylight,none,1,0,0,0,0,1,,passenger car,"passenger car, station",0,0,0,0,0,0,0,0,0,,,,,2009-01-15,08:15:00,2010-01-05
4004268,9655,17399,,1400 thru 2159,25000 to 50000,3301,riverside,0,chp state highway,interstate,,chp other,204,RT 10,HARGRAVE ST,2000.0,east,0,clear,,1,riverside,8,10,,,14.25,highway,,eastbound,1,pain,0,1,2,vehicle code violation,,improper turning,22107,,not hit and run,sideswipe,other motor vehicle,no pedestrian involved,dry,normal,,dark with no street lights,none,1,0,0,0,1,1,,passenger car,"passenger car, station",0,0,1,0,0,0,0,0,0,,,,,2009-01-16,20:24:00,2009-09-24
4004272,9655,17720,,2200 thru 0559,unincorporated,3300,riverside,0,chp state highway,interstate,,chp other,201,RT 10,BROOKSIDE AV,1200.0,east,0,cloudy,raining,1,riverside,8,10,,R,4.059,ramp,mid-ramp,westbound,1,other injury,0,1,2,vehicle code violation,,dui,23152,A,not hit and run,sideswipe,other motor vehicle,no pedestrian involved,wet,normal,,dark with street lights,none,0,0,0,0,1,1,1,passenger car,"passenger car, station",0,1,0,0,0,0,0,0,0,,,,,2009-01-02,22:58:00,2009-10-15
4004276,9655,16442,,1400 thru 2159,2500 to 10000,3336,riverside,0,chp state highway,interstate,,chp other,202,RT 10,SINGLETON RD,1584.0,west,0,clear,,1,riverside,8,10,,R,1.62,highway,,eastbound,0,property damage only,0,0,2,other than driver,,other than driver (or pedestrian),,,not hit and run,hit object,other object,no pedestrian involved,dry,normal,,dark with no street lights,none,1,0,0,0,1,1,,,,0,0,0,0,0,0,0,0,0,,,,,2009-01-13,18:30:00,2009-12-04
4004280,9655,17285,,2200 thru 0559,10000 to 25000,3302,riverside,0,chp state highway,interstate,,chp other,202,RT 10,BEAUMONT AV,2000.0,west,0,clear,,1,riverside,8,10,,,7.19,highway,,westbound,1,property damage only,0,0,3,vehicle code violation,,unsafe lane change,21658,A,not hit and run,sideswipe,other motor vehicle,no pedestrian involved,dry,normal,,dark with street lights,none,1,0,0,0,0,1,,pickup or panel truck,pickups & panels,0,0,0,0,0,0,0,0,0,,,,,2009-01-10,22:55:00,2009-12-04
4004284,1910,3633,,not chp,25000 to 50000,1910,los angeles,0,not chp,not chp,,not chp,004,BEVERLY DR,LOMITAS AV,75.0,south,0,clear,,0,,,,,,,,,,1,pain,0,1,2,,,,,,not hit and run,broadside,other motor vehicle,no pedestrian involved,dry,normal,,daylight,none,0,0,0,0,0,1,,,,0,0,1,0,0,0,0,0,0,,,,,2009-01-07,11:30:00,2009-08-24
4004291,9125,11357,,0600 thru 1359,unincorporated,1200,humboldt,0,chp state highway,us highway,,chp other,019,RT 101,TRINIDAD FRONTAGE RD,5280.0,south,0,clear,,1,humboldt,1,101,,,99.52,highway,,southbound,0,property damage only,0,0,2,unknown,,unknown,,,not hit and run,other,other object,no pedestrian involved,dry,normal,,daylight,none,1,0,0,0,1,1,,,,0,0,0,0,0,0,0,0,0,,,,,2009-01-15,12:20:00,2009-09-22
4004292,5604,4750,,not chp,100000 to 250000,5604,ventura,0,not chp,not chp,,not chp,012,RILEY LN,AUTO CENTER DR,0.0,,1,clear,,0,,,,,,,,,,1,pain,0,1,2,vehicle code violation,,improper passing,21755,,not hit and run,sideswipe,other motor vehicle,no pedestrian involved,dry,normal,,daylight,functioning,0,0,0,0,0,1,,,,0,0,1,0,0,0,0,0,0,,,,,2009-01-11,14:06:00,2009-08-25
4004295,9685,14294,,0600 thru 1359,25000 to 50000,3342,riverside,0,chp state highway,interstate,,chp other,030,RT 15,CALIFORNIA OAKS RD,167.0,north,0,clear,,1,riverside,8,15,,,10.56,highway,,southbound,1,pain,0,1,1,vehicle code violation,,speeding,22350,,not hit and run,overturned,non-collision,no pedestrian involved,dry,normal,,daylight,none,1,0,0,0,0,1,,other bus,other commercial,0,0,1,0,0,0,0,0,0,,,33.56273,-117.20353,2009-01-19,13:15:00,2009-10-20
4004296,5604,5101,,not chp,100000 to 250000,5604,ventura,0,not chp,not chp,,not chp,031,ROSE AV,SAN GORGONIO AV,0.0,,0,clear,,0,,,,,,,,,,0,property damage only,0,0,2,vehicle code violation,,automobile right of way,21801,A,not hit and run,broadside,other motor vehicle,no pedestrian involved,dry,normal,,daylight,functioning,0,0,0,0,0,1,,,,0,0,0,0,0,0,0,0,0,,,,,2009-01-12,14:30:00,2009-08-24
4004299,1942,30083,1162,not chp,>250000,1942,los angeles,0,not chp,not chp,K,not chp,11T21,VERMONT AV,SUNSET BL,0.0,,1,clear,,0,,,,,,,,,,1,other injury,0,3,3,vehicle code violation,,traffic signals and signs,21453,A,not hit and run,broadside,other motor vehicle,no pedestrian involved,dry,normal,,dark with street lights,functioning,0,0,0,0,0,1,,other bus,other commercial,0,2,1,0,0,0,0,0,0,,,,,2009-01-03,01:45:00,2009-08-25
4004300,9130,15400,,0600 thru 1359,unincorporated,5200,tehama,0,chp state highway,state route,,chp primary,031,RT 99,OKLAHOMA AV,40.0,north,0,clear,,1,tehama,2,99,,,20.0,highway,,northbound,0,property damage only,0,0,1,vehicle code violation,,improper turning,22107,,not hit and run,hit object,fixed object,no pedestrian involved,dry,normal,,dark with no street lights,none,0,0,0,0,1,1,,truck or truck tractor with trailer,truck tractor,0,0,0,0,0,0,0,0,0,,,40.13386,-122.12506,2009-01-14,06:05:00,2009-09-22
4004303,9125,15939,,0600 thru 1359,unincorporated,1200,humboldt,0,chp state highway,us highway,,chp other,030,RT 101,HERRICK AV,1056.0,north,0,clear,,1,humboldt,1,101,,,75.0,highway,,southbound,1,property damage only,0,0,2,vehicle code violation,,speeding,22350,,not hit and run,rear end,other motor vehicle,no pedestrian involved,dry,construction,,daylight,functioning,0,0,0,0,1,1,,passenger car,"passenger car, station",0,0,0,0,0,0,0,0,0,,,,,2009-01-13,11:03:00,2009-10-07
4004304,9130,11087,,1400 thru 2159,unincorporated,5200,tehama,0,chp county roadarea,county road area,,chp other,040,GRANT ST,SHERWOOD BL,0.0,,1,clear,,0,,,,,,,,,,1,pain,0,2,2,vehicle code violation,,automobile right of way,21802,A,not hit and run,broadside,other motor vehicle,no pedestrian involved,dry,normal,,dark with no street lights,functioning,0,0,0,0,0,1,,pickup or panel truck,pickups & panels,0,0,2,0,0,0,0,0,0,,,40.02474,-122.09633,2009-01-13,18:25:00,2009-08-24
4004308,9495,18284,,1400 thru 2159,unincorporated,1600,kings,0,chp state highway,interstate,,chp other,004,RT 5,WATERLOO AV,10560.0,south,0,clear,,1,kings,6,5,,,5.09,highway,,northbound,1,property damage only,0,0,1,vehicle code violation,,other hazardous violation,21711,,not hit and run,overturned,non-collision,no pedestrian involved,dry,normal,,dusk or dawn,none,1,0,0,0,0,1,,pickup or panel truck with trailer,pickups & panels,0,0,0,0,0,0,0,0,0,,,35.85496,-119.83321,2009-01-03,16:15:00,2009-09-16
4004311,9685,12529,,0600 thru 1359,unincorporated,3300,riverside,0,chp state highway,state route,,chp primary,031,RT 79,HUNTER RD,437.0,north,0,clear,,1,riverside,8,79,,R,6.08,highway,,northbound,1,pain,0,1,2,vehicle code violation,,unsafe lane change,21658,A,not hit and run,rear end,other motor vehicle,no pedestrian involved,dry,normal,,daylight,none,0,0,0,0,0,1,,pickup or panel truck with trailer,pickups & panels,0,0,1,0,0,0,0,0,0,,,,,2009-01-15,12:10:00,2009-10-15
4004312,9340,11517,,0600 thru 1359,unincorporated,4300,santa clara,0,chp county roadarea,county road area,,chp other,040,OLD SANTA CRUZ HWY,ALDERCROFT HEIGHTS RD,225.0,north,0,cloudy,,0,,,,,,,,,,0,property damage only,0,0,2,vehicle code violation,,wrong side of road,21460,A,not hit and run,sideswipe,other motor vehicle,no pedestrian involved,wet,normal,,daylight,none,0,0,0,0,1,1,,truck or truck tractor with trailer,truck tractor,0,0,0,0,0,0,0,0,0,,,37.16893,-121.98512,2009-01-07,08:30:00,2009-08-24
4004315,1942,37218,1105,not chp,>250000,1942,los angeles,0,not chp,not chp,K,not chp,2TL15,COLORADO BL,MAYWOOD AV,0.0,,0,clear,,0,,,,,,,,,,0,property damage only,0,0,2,vehicle code violation,,speeding,22350,,not hit and run,sideswipe,parked motor vehicle,no pedestrian involved,dry,normal,,daylight,none,0,0,0,0,0,1,,,,0,0,0,0,0,0,0,0,0,,,,,2009-01-01,09:50:00,2009-08-24
4004316,4004,1133,15,not chp,10000 to 25000,4004,san luis obispo,0,not chp,not chp,,not chp,001,RIVERSIDE,16TH ST,8.0,south,,clear,,1,san luis obispo,5,101,,,57.22,ramp,"not state highway, ramp-related, within 100 feet",southbound,1,property damage only,0,0,2,vehicle code violation,,dui,23152,A,not hit and run,sideswipe,other motor vehicle,no pedestrian involved,dry,normal,,dark with street lights,functioning,0,0,0,0,0,1,1,,,0,0,0,0,0,0,0,0,0,,,,,2009-01-01,21:57:00,2010-01-06
4004319,1942,39063,1144,not chp,>250000,1942,los angeles,0,not chp,not chp,K,not chp,NOE,HYPERION AV,LYRIC AV,0.0,,1,clear,,0,,,,,,,,,,0,property damage only,0,0,2,vehicle code violation,,speeding,22350,,misdemeanor,sideswipe,other motor vehicle,no pedestrian involved,dry,normal,,dark with street lights,functioning,0,0,0,0,0,1,1,,,0,0,0,0,0,0,0,0,0,,,,,2009-01-01,03:40:00,2009-08-24
4004320,5609,227,,not chp,100000 to 250000,5609,ventura,0,not chp,not chp,,not chp,,YOSEMITE AV,MOUNT SINAI DR,0.0,,1,clear,,0,,,,,,,,,,1,pain,0,1,2,vehicle code violation,,speeding,22350,,not hit and run,rear end,other motor vehicle,no pedestrian involved,dry,normal,,daylight,none,0,0,0,0,0,1,,,,0,0,1,0,0,0,0,0,0,,,,,2009-01-17,12:36:00,2009-08-25
4004481,9535,19171,,1400 thru 2159,unincorporated,1900,los angeles,0,chp county roadarea,county road area,,chp other,002,EASTMAN AV,DENNISON ST,60.0,north,0,clear,,0,,,,,,,,,,0,property damage only,0,0,2,vehicle code violation,,other hazardous violation,22517,,not hit and run,sideswipe,other motor vehicle,no pedestrian involved,dry,normal,,daylight,none,0,0,0,0,0,1,,passenger car,"passenger car, station",0,0,0,0,0,0,0,0,0,,,,,2009-01-15,15:40:00,2009-09-05
4004482,9550,18933,,1400 thru 2159,unincorporated,1900,los angeles,0,chp state highway,state route,,chp other,601,RT 60,HACIENDA BL,4200.0,west,0,clear,,1,los angeles,7,60,,,15.13,highway,,eastbound,0,property damage only,0,0,2,unknown,,unknown,,,not hit and run,sideswipe,other motor vehicle,no pedestrian involved,dry,normal,,dark with no street lights,none,1,0,0,0,1,1,,,,0,0,0,0,0,0,0,0,0,,,34.01157,-117.97952,2009-01-09,18:40:00,2009-10-06
4004485,9535,15797,,0600 thru 1359,unincorporated,1900,los angeles,0,chp state highway,interstate,,chp other,500,RT 5,DOWNEY RD,10.0,south,0,clear,,1,los angeles,7,5,,,14.25,highway,,northbound,1,pain,0,1,2,vehicle code violation,,unsafe lane change,21658,A,not hit and run,rear end,other motor vehicle,no pedestrian involved,dry,normal,,daylight,none,1,0,0,0,1,1,,truck or truck tractor,three or more axle truck,0,0,1,0,0,0,0,0,0,,,,,2009-01-07,12:35:00,2009-10-06