case_id,jurisdiction,officer_id,reporting_district,chp_shift,population,county_city_location,county_location,special_condition,beat_type,chp_beat_type,city_division_lapd,chp_beat_class,beat_number,primary_road,secondary_road,distance,direction,intersection,weather_1,weather_2,state_highway_indicator,caltrans_county,caltrans_district,state_route,route_suffix,postmile_prefix,postmile,location_type,ramp_intersection,side_of_highway,tow_away,collision_severity,killed_victims,injured_victims,party_count,primary_collision_factor,pcf_violation_code,pcf_violation_category,pcf_violation,pcf_violation_subsection,hit_and_run,type_of_collision,motor_vehicle_involved_with,pedestrian_action,road_surface,road_condition_1,road_condition_2,lighting,control_device,chp_road_type,pedestrian_collision,bicycle_collision,motorcycle_collision,truck_collision,not_private_property,alcohol_involved,statewide_vehicle_type_at_fault,chp_vehicle_type_at_fault,severe_injury_count,other_visible_injury_count,complaint_of_pain_injury_count,pedestrian_killed_count,pedestrian_injured_count,bicyclist_killed_count,bicyclist_injured_count,motorcyclist_killed_count,motorcyclist_injured_count,primary_ramp,secondary_ramp,latitude,longitude,collision_date,collision_time,process_date
4006110,9420,013597,,2200 thru 0559,unincorporated,1500,kern,0,chp county roadarea,county road area,,chp other,070,LANORA AV,MONICA ST,82.0,east,0,cloudy,raining,0,,,,,,,,,,0,property damage only,0,0,2,vehicle code violation,,improper turning,22107,,misdemeanor,head-on,parked motor vehicle,no pedestrian involved,wet,normal,,dark with street lights,none,0,0,0,0,0,1,,passenger car,"passenger car, station",0,0,0,0,0,0,0,0,0,,,35.36637,-118.90537,2009-01-22,01:00:00,2009-09-17
4006111,9160,017039,,1400 thru 2159,unincorporated,1100,glenn,0,chp state highway,state route,,chp primary,008,RT 32,CO RD Q,1000.0,west,0,clear,,1,glenn,3,32,,,3.51,highway,,eastbound,1,pain,0,1,2,vehicle code violation,,automobile right of way,21804,A,not hit and run,broadside,other motor vehicle,no pedestrian involved,dry,normal,,daylight,none,0,0,0,0,0,1,,passenger car,"passenger car, station",0,0,1,0,0,0,0,0,0,,,,,2009-01-12,14:05:00,2009-10-06
4006113,9550,19117,,0600 thru 1359,unincorporated,1900,los angeles,0,chp state highway,interstate,,chp other,650,RT 605,PECK RD,400.0,south,0,clear,,1,los angeles,7,605,,R,16.57,highway,,northbound,0,pain,0,2,2,vehicle code violation,,speeding,22350,,not hit and run,rear end,other motor vehicle,no pedestrian involved,dry,normal,,daylight,none,1,0,0,0,0,1,,,,0,0,2,0,0,0,0,0,0,,,34.02496,-118.04126,2009-01-14,12:20:00,2009-10-05
4006114,9480,16145,,1400 thru 2159,unincorporated,5400,tulare,1,chp county roadarea,county road area,,chp other,005,AVENUE 8,RD 148,1584.0,east,0,cloudy,,0,,,,,,,,,,1,property damage only,0,0,3,vehicle code violation,,improper turning,22107,,not hit and run,broadside,other motor vehicle,no pedestrian involved,wet,normal,,daylight,none,0,0,0,0,0,1,,pickup or panel truck,pickups & panels,0,0,0,0,0,0,0,0,0,,,,,2009-01-22,15:50:00,2009-09-09
4006117,9550,19117,,1400 thru 2159,10000 to 25000,1964,los angeles,0,chp state highway,interstate,,chp other,501,RT 5,VALLEY VIEW AV,75.0,north,0,clear,,1,los angeles,7,5,,,1.22,highway,,southbound,1,property damage only,0,0,2,vehicle code violation,,speeding,22350,,not hit and run,rear end,other motor vehicle,no pedestrian involved,dry,normal,,daylight,none,1,0,0,0,1,1,,passenger car,mini-vans,0,0,0,0,0,0,0,0,0,,,33.88445,-118.02982,2009-01-14,15:05:00,2009-10-07
4006118,9480,12316,,0600 thru 1359,unincorporated,5400,tulare,0,chp county roadarea,county road area,,chp other,003,AVENUE 216,PALM RD,1056.0,west,0,fog,,0,,,,,,,,,,1,pain,0,1,2,vehicle code violation,,speeding,22350,,not hit and run,broadside,other motor vehicle,no pedestrian involved,wet,normal,,daylight,none,0,0,0,0,1,1,,passenger car,"passenger car, station",0,0,1,0,0,0,0,0,0,,,,,2009-01-17,07:15:00,2009-09-09
4006119,3300,3419,603C2,not chp,100000 to 250000,3394,riverside,0,not chp,not chp,,not chp,036,LASSELLE ST,JOHN F KENNEDY DR,0.0,,1,clear,,0,,,,,,,,,,1,pain,0,1,2,vehicle code violation,,traffic signals and signs,21453,A,not hit and run,broadside,other motor vehicle,no pedestrian involved,dry,normal,,daylight,functioning,0,0,0,0,0,1,,pickup or panel truck,pickups & panels,0,0,1,0,0,0,0,0,0,,,,,2009-01-07,09:05:00,2009-09-17
4006121,9550,18587,,1400 thru 2159,50000 to 100000,1976,los angeles,0,chp state highway,interstate,,chp other,650,RT 605,WHITTIER BL,300.0,south,0,clear,,1,los angeles,7,605,,R,14.02,highway,,northbound,0,property damage only,0,0,2,vehicle code violation,,unsafe lane change,21658,A,not hit and run,sideswipe,other motor vehicle,no pedestrian involved,dry,normal,,daylight,none,1,0,0,0,1,1,,passenger car,"passenger car, station",0,0,0,0,0,0,0,0,0,,,33.98197,-118.07392,2009-01-12,18:05:00,2009-10-06
4006122,9420,15977,,1400 thru 2159,unincorporated,1500,kern,0,chp state highway,state route,,chp other,178,RT 178,CHIMNEY CREEK RD,12672.0,east,0,clear,,1,kern,6,178,,,72.99,highway,,eastbound,1,property damage only,0,0,2,vehicle code violation,,speeding,22350,,not hit and run,head-on,other motor vehicle,no pedestrian involved,,,,,none,0,0,0,0,0,1,,pickup or panel truck,pickups & panels,0,0,0,0,0,0,0,0,0,,,,,2009-01-16,16:20:00,2009-10-09
4006123,9645,17473,,1400 thru 2159,>250000,3711,san diego,0,chp state highway,interstate,,chp other,009,RT 805,47TH ST,50.0,north,0,clear,,1,san diego,11,805,,,11.41,highway,,northbound,0,pain,0,1,2,vehicle code violation,,unsafe lane change,21658,A,not hit and run,sideswipe,other motor vehicle,no pedestrian involved,dry,normal,,daylight,none,1,0,0,0,1,1,,truck or truck tractor with trailer,truck tractor,0,0,1,0,0,0,0,0,0,,,32.691,-117.09449,2009-01-09,14:05:00,2009-10-07
4006125,9550,15746,,0600 thru 1359,unincorporated,1900,los angeles,0,chp state highway,state route,,chp other,600,RT 60,7TH AV,1000.0,east,0,clear,,1,los angeles,7,60,,,14.45,highway,,westbound,1,pain,0,1,4,vehicle code violation,,speeding,22350,,not hit and run,rear end,other motor vehicle,no pedestrian involved,dry,normal,,daylight,none,1,0,0,0,1,1,,passenger car,"passenger car, station",0,0,1,0,0,0,0,0,0,,,34.02979,-118.00683,2009-01-12,10:00:00,2009-10-14
4006127,9645,018133,,0600 thru 1359,>250000,3711,san diego,0,chp state highway,interstate,,chp other,005,RT 5,CLAIREMONT DR,2640.0,south,0,clear,,1,san diego,11,5,,R,21.76,highway,,northbound,1,pain,0,1,2,vehicle code violation,,unsafe lane change,21658,A,not hit and run,hit object,fixed object,no pedestrian involved,dry,normal,,daylight,none,1,0,0,0,0,1,,pickup or panel truck,pickups & panels,0,0,1,0,0,0,0,0,0,,,32.78016,-117.20809,2009-01-08,08:25:00,2009-10-05
4006128,9550,19158,,0600 thru 1359,unincorporated,1900,los angeles,0,chp state highway,interstate,,chp other,650,RT 605,WASHINGTON BL,1056.0,south,0,clear,,1,los angeles,7,605,,R,11.85,highway,,southbound,0,property damage only,0,0,1,other than driver,,other than driver (or pedestrian),,,not hit and run,hit object,other object,no pedestrian involved,dry,loose material,,daylight,none,1,0,0,0,0,1,,,,0,0,0,0,0,0,0,0,0,,,33.97269,-118.08079,2009-01-08,09:50:00,2009-10-05
4006129,9550,18664,,1400 thru 2159,100000 to 250000,1949,los angeles,0,chp state highway,interstate,,chp other,500,RT 5,FLORENCE AV,2640.0,south,0,clear,,1,los angeles,7,5,,,5.88,highway,,southbound,0,property damage only,0,0,2,vehicle code violation,,speeding,22350,,not hit and run,rear end,other motor vehicle,no pedestrian involved,dry,normal,,dark with street lights,none,1,0,0,0,0,1,,pickup or panel truck,pickups & panels,0,0,0,0,0,0,0,0,0,,,33.92889,-118.08833,2009-01-02,16:55:00,2009-10-07
4006130,5608,49,,not chp,100000 to 250000,5608,ventura,0,not chp,not chp,,not chp,001,SANTA CLARA AV,VENTURA AV,0.0,,1,cloudy,,0,,,,,,,,,,1,property damage only,0,0,2,vehicle code violation,,traffic signals and signs,21453,A,not hit and run,broadside,other motor vehicle,no pedestrian involved,dry,normal,,daylight,functioning,0,0,0,0,0,1,,,,0,0,0,0,0,0,0,0,0,,,,,2009-01-21,10:00:00,2009-09-09
4006131,1900,447876,0817,not chp,25000 to 50000,1960,los angeles,0,not chp,not chp,,not chp,81T1,VIA VERDE,AVENIDA ENTRADA,0.0,,1,clear,,0,,,,,,,,,,1,property damage only,0,0,2,vehicle code violation,,automobile right of way,21804,A,not hit and run,sideswipe,other motor vehicle,no pedestrian involved,dry,normal,,daylight,none,0,0,0,0,1,1,,passenger car,"passenger car, station",0,0,0,0,0,0,0,0,0,,,,,2009-01-12,14:30:00,2009-09-18
4006133,9550,13935,,0600 thru 1359,100000 to 250000,1949,los angeles,0,chp state highway,interstate,,chp other,501,RT 5,SHOEMAKER AV,300.0,north,0,clear,,1,los angeles,7,5,,,3.1,highway,,northbound,1,property damage only,0,0,4,vehicle code violation,,unsafe lane change,21658,A,not hit and run,sideswipe,other motor vehicle,no pedestrian involved,dry,normal,,daylight,none,1,0,0,0,1,1,,passenger car,"passenger car, station",0,0,0,0,0,0,0,0,0,,,33.9016,-118.05942,2009-01-13,10:35:00,2009-10-07
4006134,9420,15119,,1400 thru 2159,unincorporated,1500,kern,0,chp state highway,state route,,chp other,589,RT 58,RT 223,832.0,west,0,cloudy,,1,kern,6,58,,,75.46,highway,,westbound,1,pain,0,1,2,vehicle code violation,,unsafe lane change,21658,A,not hit and run,rear end,other motor vehicle,no pedestrian involved,dry,normal,,dark with no street lights,none,1,0,0,0,1,1,,truck or truck tractor with trailer,truck tractor,0,0,1,0,0,0,0,0,0,,,35.26478,-118.6611,2009-01-21,18:50:00,2009-09-21
4006135,9645,016728,,1400 thru 2159,>250000,3711,san diego,0,chp state highway,interstate,,chp other,009,RT 805,RT 94,280.0,south,0,clear,,1,san diego,11,805,,,13.46,highway,,northbound,1,pain,0,2,2,vehicle code violation,,improper turning,22107,,misdemeanor,sideswipe,other motor vehicle,no pedestrian involved,dry,normal,,daylight,none,1,0,0,0,1,1,,passenger car,"passenger car, station",0,0,2,0,0,0,0,0,0,,,32.71832,-117.09414,2009-01-12,15:30:00,2009-10-07
4006137,3016,1213,41,not chp,50000 to 100000,3016,orange,0,not chp,not chp,,not chp,002,VINCENTE AV,MARIA AV,82.0,west,0,clear,,0,,,,,,,,,,1,property damage only,0,0,2,unknown,,unknown,,,misdemeanor,rear end,parked motor vehicle,no pedestrian involved,dry,normal,,dark with street lights,none,0,0,0,0,1,1,,,,0,0,0,0,0,0,0,0,0,,,,,2009-01-11,03:00:00,2009-09-17
4006138,9420,015910,,1400 thru 2159,unincorporated,1500,kern,0,chp county roadarea,county road area,,chp other,070,LARCUS AV,WASHINGTON AV,100.0,east,0,clear,,0,,,,,,,,,,0,pain,0,1,3,vehicle code violation,,unsafe starting or backing,22106,,not hit and run,pedestrian,pedestrian,in road,dry,normal,,dark with street lights,none,0,1,0,0,0,1,,passenger car,mini-vans,0,0,1,0,1,0,0,0,0,,,35.36672,-118.9757,2009-01-21,20:15:00,2009-09-17
4006141,1941,5979,,not chp,>250000,1941,los angeles,0,not chp,not chp,,not chp,,6TH ST,PINE AV,0.0,,1,clear,,0,,,,,,,,,,0,property damage only,0,0,3,vehicle code violation,,unsafe lane change,21658,A,not hit and run,sideswipe,other motor vehicle,no pedestrian involved,dry,normal,,daylight,functioning,0,0,0,0,0,1,,passenger car,,0,0,0,0,0,0,0,0,0,,,,,2009-01-20,08:57:00,2009-09-17
4006142,9420,13475,,0600 thru 1359,100000 to 250000,1502,kern,0,chp state highway,state route,,chp other,094,RT 99,MING AV,1584.0,south,0,clear,,1,kern,6,99,,,22.3,highway,,northbound,0,property damage only,0,0,2,vehicle code violation,,other hazardous violation,23114,A,not hit and run,hit object,other object,no pedestrian involved,dry,normal,,daylight,none,1,0,0,0,1,1,,truck or truck tractor,three or more axle truck,0,0,0,0,0,0,0,0,0,,,,,2009-01-20,12:40:00,2009-10-07
4006145,3004,N140,HARBO,not chp,100000 to 250000,3004,orange,0,not chp,not chp,,not chp,002,NEWPORT BL,BAKER ST,0.0,,1,clear,,0,,,,,,,,,,0,property damage only,0,0,2,vehicle code violation,,improper turning,22100,B,not hit and run,sideswipe,other motor vehicle,no pedestrian involved,dry,normal,,daylight,functioning,0,0,0,0,1,1,,passenger car,sport utility vehicle,0,0,0,0,0,0,0,0,0,,,,,2009-01-07,13:21:00,2010-02-16
4006146,9420,011880,,1400 thru 2159,100000 to 250000,1502,kern,0,chp state highway,state route,,chp other,092,RT 99,TRUXTUN AV,300.0,north,0,clear,,1,kern,6,99,,,25.07,highway,,northbound,0,property damage only,0,0,2,vehicle code violation,,unsafe lane change,21658,A,not hit and run,sideswipe,other motor vehicle,no pedestrian involved,dry,normal,,daylight,none,1,0,0,0,1,1,,truck or truck tractor with trailer,truck tractor,0,0,0,0,0,0,0,0,0,,,35.43751,-119.0441,2009-01-21,14:10:00,2009-10-07
4006150,3607,80205,,not chp,100000 to 250000,3607,san bernardino,0,not chp,not chp,,not chp,,AIRPORT DR,MILLIKEN AV,75.0,east,0,clear,,0,,,,,,,,,,1,pain,0,2,2,vehicle code violation,,automobile right of way,21804,A,not hit and run,broadside,other motor vehicle,no pedestrian involved,dry,normal,,daylight,none,0,0,0,0,0,1,,,,0,0,2,0,0,0,0,0,0,,,,,2009-01-21,12:27:00,2009-09-09
4006153,9550,18558,,1400 thru 2159,unincorporated,1900,los angeles,0,chp county roadarea,county road area,,chp other,002,ARROYO DR,MILLER RD,0.0,,1,clear,,0,,,,,,,,,,0,property damage only,0,0,2,vehicle code violation,,automobile right of way,21801,B,not hit and run,broadside,other motor vehicle,no pedestrian involved,dry,normal,,dark with street lights,none,0,0,0,0,0,1,,passenger car,"passenger car, station",0,0,0,0,0,0,0,0,0,,,33.92611,-118.01614,2009-01-09,17:15:00,2009-09-17
4006154,9160,017227,,0600 thru 1359,unincorporated,1100,glenn,0,chp county roadarea,county road area,,chp other,005,MAIN ST,2ND ST,75.0,north,0,clear,,0,,,,,,,,,,0,property damage only,0,0,2,vehicle code violation,,unsafe starting or backing,22106,,not hit and run,broadside,other motor vehicle,no pedestrian involved,dry,normal,,daylight,none,0,0,0,0,0,1,,pickup or panel truck,pickups & panels,0,0,0,0,0,0,0,0,0,,,,,2009-01-15,09:25:00,2009-09-17
4006155,3026,390,U-2,not chp,100000 to 250000,3026,orange,0,not chp,not chp,,not chp,00U,CONSTRUCTION CIR,CONSTRUCTION CIR,625.0,north,0,clear,,0,,,,,,,,,,1,property damage only,0,0,1,other than driver,,other than driver (or pedestrian),,,not hit and run,hit object,fixed object,no pedestrian involved,dry,normal,,daylight,none,0,0,0,0,1,1,,,,0,0,0,0,0,0,0,0,0,,,,,2009-01-07,10:36:00,2009-09-09
4006157,9550,19141,,0600 thru 1359,100000 to 250000,1949,los angeles,0,chp state highway,interstate,,chp other,501,RT 5,IMPERIAL HWY,650.0,south,0,clear,,1,los angeles,7,5,,,4.79,highway,,northbound,0,property damage only,0,0,2,vehicle code violation,,unsafe lane change,21658,A,not hit and run,sideswipe,other motor vehicle,no pedestrian involved,dry,normal,,daylight,none,1,0,0,0,0,1,,pickup or panel truck,pickups & panels,0,0,0,0,0,0,0,0,0,,,33.91512,-118.07783,2009-01-12,07:15:00,2009-10-07
4006158,9426,016693,,2200 thru 0559,unincorporated,1500,kern,0,chp county roadarea,county road area,,chp other,086,TRACY AV,RT 58,100.0,north,0,clear,,1,kern,6,58,,,30.79,intersection,"not state highway, intersection-related, within 250 feet",westbound,1,property damage only,0,0,2,vehicle code violation,,speeding,22350,,not hit and run,rear end,other motor vehicle,no pedestrian involved,wet,normal,,dark with street lights,none,0,0,0,0,0,1,,pickup or panel truck,pickups & panels,0,0,0,0,0,0,0,0,0,,,,,2009-01-22,05:35:00,2009-10-20
4006159,9222,015908,,1400 thru 2159,unincorporated,2900,nevada,0,chp state highway,interstate,,chp other,024,RT 80,FLORISTON RD,9504.0,east,0,cloudy,,1,nevada,3,80,,,28.86,highway,,westbound,1,property damage only,0,0,1,vehicle code violation,,speeding,22350,,not hit and run,hit object,other object,no pedestrian involved,wet,normal,,dark with no street lights,none,1,0,0,0,0,1,,pickup or panel truck,pickups & panels,0,0,0,0,0,0,0,0,0,,,,,2009-01-23,19:30:00,2009-10-08
4007602,9685,10601,,1400 thru 2159,unincorporated,3300,riverside,0,chp county roadarea,county road area,,chp other,003,LEON RD,CURZULLA RD,72.0,south,0,clear,,0,,,,,,,,,,0,property damage only,0,0,3,vehicle code violation,,improper passing,21755,,misdemeanor,sideswipe,other motor vehicle,no pedestrian involved,dry,normal,,daylight,none,0,0,0,0,1,1,,passenger car,"passenger car, station",0,0,0,0,0,0,0,0,0,,,33.63593,-117.11902,2009-01-15,16:45:00,2009-09-19
4007603,9645,9972,,0600 thru 1359,>250000,3711,san diego,0,chp state highway,state route,,chp other,014,RT 52,CONVOY ST,1056.0,east,0,clear,,1,san diego,11,52,,,5.79,highway,,westbound,1,other injury,0,2,6,vehicle code violation,,speeding,22350,,not hit and run,sideswipe,other motor vehicle,no pedestrian involved,dry,normal,,daylight,none,1,0,0,0,1,1,,passenger car,"passenger car, station",0,1,1,0,0,0,0,0,0,,,,,2009-01-13,09:05:00,2009-09-17
4007604,9855,11223,,0600 thru 1359,50000 to 100000,3602,san bernardino,0,chp state highway,state route,,chp other,603,RT 60,RAMONA AV,10.0,east,0,clear,,1,san bernardino,8,60,,R,1.37,highway,,westbound,0,property damage only,0,0,2,vehicle code violation,,unsafe lane change,21658,A,not hit and run,sideswipe,motor vehicle on other roadway,no pedestrian involved,dry,normal,,daylight,none,1,0,0,0,1,1,,truck or truck tractor,truck tractor,0,0,0,0,0,0,0,0,0,,,,,2009-01-26,11:25:00,2009-09-24
4007606,9330,17991,,2200 thru 0559,50000 to 100000,4116,san mateo,0,chp state highway,us highway,,chp other,038,RT 101,DORE AV,528.0,north,0,clear,,1,san mateo,4,101,,,14.17,highway,,northbound,0,property damage only,0,0,2,vehicle code violation,,unsafe lane change,21658,A,not hit and run,sideswipe,other motor vehicle,no pedestrian involved,dry,normal,,dark with no street lights,none,1,0,0,0,1,1,,truck or truck tractor with trailer,truck tractor,0,0,0,0,0,0,0,0,0,,,,,2009-01-06,04:55:00,2009-11-02
4007607,9645,18961,,0600 thru 1359,unincorporated,3700,san diego,0,chp county roadarea,county road area,,chp other,018,BRIARWOOD DR,SADDLEWOOD DR,0.0,,1,clear,,0,,,,,,,,,,1,property damage only,0,0,2,vehicle code violation,,automobile right of way,21801,A,not hit and run,broadside,other motor vehicle,no pedestrian involved,dry,normal,,daylight,none,0,0,0,0,1,1,,truck or truck tractor,two axle truck,0,0,0,0,0,0,0,0,0,,,32.67833,-117.02581,2009-01-14,12:58:00,2009-09-09
4007608,9670,16923,,1400 thru 2159,50000 to 100000,3007,orange,0,chp state highway,interstate,,chp other,040,RT 405,WARD ST,150.0,south,0,clear,,1,orange,12,405,,,13.12,highway,,northbound,1,pain,0,1,2,other than driver,,other than driver (or pedestrian),,,not hit and run,rear end,other motor vehicle,no pedestrian involved,dry,normal,,daylight,none,1,0,0,0,1,1,,,,0,0,1,0,0,0,0,0,0,,,33.70001,-117.94495,2009-01-14,15:15:00,2009-11-12
4007610,1502,959,,not chp,100000 to 250000,1502,kern,0,not chp,not chp,,not chp,,24TH ST,F ST,0.0,,1,clear,,0,,,,,,,,,,0,pain,0,1,2,vehicle code violation,,pedestrian right of way,21950,A,not hit and run,pedestrian,pedestrian,crossing in intersection crosswalk,dry,normal,,daylight,functioning,0,1,0,0,1,1,,truck or truck tractor,three or more axle truck,0,0,1,0,1,0,0,0,0,,,,,2009-01-19,10:02:00,2009-09-05
4007611,9645,9972,,0600 thru 1359,>250000,3711,san diego,0,chp state highway,interstate,,chp other,015,RT 805,RT 52,1056.0,north,0,clear,,1,san diego,11,805,,,23.93,highway,,northbound,0,pain,0,1,2,vehicle code violation,,speeding,22350,,not hit and run,rear end,other motor vehicle,no pedestrian involved,dry,normal,,daylight,none,1,0,0,0,1,1,,truck or truck tractor with trailer,truck tractor,0,0,1,0,0,0,0,0,0,,,,,2009-01-13,07:35:00,2009-10-07
4007612,9855,12210,,0600 thru 1359,100000 to 250000,3607,san bernardino,0,chp state highway,interstate,,chp other,103,RT 10,CHERRY AV,1056.0,west,0,clear,,1,san bernardino,8,10,,,12.97,highway,,eastbound,0,property damage only,0,0,2,vehicle code violation,,improper turning,22107,,not hit and run,sideswipe,other motor vehicle,no pedestrian involved,dry,normal,,daylight,none,1,0,0,0,1,1,,truck or truck tractor,truck tractor,0,0,0,0,0,0,0,0,0,TO,,,,2009-01-26,10:40:00,2009-10-05
4007614,9340,18716,,1400 thru 2159,>250000,4313,santa clara,0,chp state highway,us highway,,chp other,110,RT 101,STORY RD,100.0,north,0,clear,,1,santa clara,4,101,,,34.57,highway,,southbound,0,property damage only,0,0,2,vehicle code violation,,unsafe lane change,21658,A,not hit and run,sideswipe,other motor vehicle,no pedestrian involved,dry,normal,,dark with street lights,none,1,0,0,0,1,1,,passenger car,mini-vans,0,0,0,0,0,0,0,0,0,,,37.3234,-121.83672,2009-01-22,18:50:00,2010-10-19
4007615,9565,18800,,1400 thru 2159,unincorporated,1900,los angeles,0,chp county roadline,county road line,,chp other,024,IMPERIAL HWY,NORMANDIE AV,5.0,west,0,clear,,0,,,,,,,,,,0,pain,0,1,2,vehicle code violation,,speeding,22350,,not hit and run,rear end,other motor vehicle,no pedestrian involved,dry,normal,,dark with street lights,functioning,0,0,0,0,1,1,,truck or truck tractor with trailer,three or more axle truck,0,0,1,0,0,0,0,0,0,,,,,2009-01-08,17:45:00,2009-09-17
4007616,9580,19088,,1400 thru 2159,>250000,1942,los angeles,0,chp state highway,interstate,,chp other,406,RT 405,PLUMMER ST,250.0,south,0,clear,,1,los angeles,7,405,,,45.19,highway,,northbound,0,property damage only,0,0,2,vehicle code violation,,improper passing,21755,,not hit and run,sideswipe,other motor vehicle,no pedestrian involved,dry,normal,,daylight,none,1,0,0,0,1,1,,passenger car,"passenger car, station",0,0,0,0,0,0,0,0,0,,,34.24208,-118.47275,2009-01-26,16:39:00,2009-10-08
4007618,9630,13270,,0600 thru 1359,unincorporated,3300,riverside,0,chp county roadarea,county road area,,chp other,005,LAS SERENAS WY,64TH AV,142.0,south,0,clear,,0,,,,,,,,,,0,property damage only,0,0,2,vehicle code violation,,wrong side of road,21650,,not hit and run,sideswipe,other motor vehicle,no pedestrian involved,dry,normal,,daylight,none,0,0,0,0,1,1,,passenger car,sport utility vehicle,0,0,0,0,0,0,0,0,0,,,33.35045,-116.04514,2009-01-25,09:57:00,2009-09-19
4007620,9855,11856,,0600 thru 1359,100000 to 250000,3607,san bernardino,0,chp state highway,interstate,,chp other,152,RT 15,JURUPA ST,2640.0,north,0,cloudy,,1,san bernardino,8,15,,,1.52,highway,,northbound,0,property damage only,0,0,2,vehicle code violation,,speeding,22350,,not hit and run,rear end,other motor vehicle,no pedestrian involved,dry,normal,,daylight,none,1,0,0,0,1,1,,truck or truck tractor,two axle truck,0,0,0,0,0,0,0,0,0,,,,,2009-01-26,08:50:00,2009-09-22
4007623,9565,17953,,1400 thru 2159,50000 to 100000,1928,los angeles,0,chp state highway,interstate,,chp other,012,RT 105,CRENSHAW BL,200.0,west,0,clear,,1,los angeles,7,105,,R,4.67,highway,,eastbound,1,property damage only,0,0,2,vehicle code violation,,speeding,22350,,not hit and run,rear end,other motor vehicle,no pedestrian involved,dry,normal,,daylight,none,1,0,0,0,1,1,,passenger car,"passenger car, station",0,0,0,0,0,0,0,0,0,,,,,2009-01-16,16:45:00,2009-10-20
4007624,9855,14844,,0600 thru 1359,50000 to 100000,3611,san bernardino,0,chp state highway,interstate,,chp other,103,RT 10,MOUNTAIN AV,200.0,east,0,raining,,1,san bernardino,8,10,,,2.42,highway,,westbound,0,property damage only,0,0,2,vehicle code violation,,unsafe lane change,21658,A,not hit and run,sideswipe,other motor vehicle,no pedestrian involved,wet,normal,,daylight,none,1,0,0,0,1,1,,truck or truck tractor with trailer,truck tractor,0,0,0,0,0,0,0,0,0,,,,,2009-01-23,12:55:00,2009-09-22
4007627,9420,16586,,2200 thru 0559,unincorporated,1500,kern,0,chp county roadarea,county road area,,chp other,530,7TH STANDARD RD,MARTIN AV,132.0,west,0,clear,,0,,,,,,,,,,1,property damage only,0,0,2,vehicle code violation,,improper turning,22107,,not hit and run,broadside,other motor vehicle,no pedestrian involved,dry,normal,,dark with no street lights,none,0,0,0,0,1,1,,passenger car,"passenger car, station",0,0,0,0,0,0,0,0,0,,,35.4416,-119.27,2009-01-26,22:12:00,2009-09-09
4007628,9740,14622,,1400 thru 2159,unincorporated,4000,san luis obispo,0,chp county roadarea,county road area,,chp other,019,10TH ST,K ST,0.0,,1,clear,,1,san luis obispo,5,101,,,65.44,ramp,"not state highway, ramp-related, within 100 feet",northbound,0,property damage only,0,0,1,vehicle code violation,,improper turning,22107,,not hit and run,hit object,fixed object,no pedestrian involved,dry,normal,,daylight,functioning,1,0,0,0,1,1,,truck or truck tractor with trailer,truck tractor,0,0,0,0,0,0,0,0,0,,,35.74768,-120.69972,2009-01-19,14:00:00,2010-01-06
4007630,9630,16746,,2200 thru 0559,unincorporated,3300,riverside,0,chp state highway,interstate,,chp other,301,RT 10,BOX CANYON RD,21120.0,west,0,clear,,1,riverside,8,10,,R,77.49,highway,,westbound,1,property damage only,0,0,2,vehicle code violation,,speeding,22350,,not hit and run,sideswipe,other motor vehicle,no pedestrian involved,dry,normal,,dark with no street lights,none,1,0,0,0,1,1,,truck or truck tractor with trailer,truck tractor,0,0,0,0,0,0,0,0,0,,,33.66475,-115.87475,2009-01-08,03:15:00,2009-09-22